name,,year,seller_type,owner,km_driven,ex_showroom_price,selling_price
Royal Enfield Classic 350,,2019,Individual,1st owner,350,,175000
Honda Dio,,2017,Individual,1st owner,5650,,45000
Royal Enfield Classic Gunmetal Grey,,2018,Individual,1st owner,12000,148114,150000
Yamaha Fazer FI V 2.0 [2016-2018],,2015,Individual,1st owner,23000,89643,65000
Yamaha SZ [2013-2014],,2011,Individual,2nd owner,21000,,20000
Honda CB Twister,,2010,Individual,1st owner,60000,53857,18000
Honda CB Hornet 160R,,2018,Individual,1st owner,17000,87719,78500
Royal Enfield Bullet 350 [2007-2011],,2008,Individual,2nd owner,39000,,180000
Hero Honda CBZ extreme,,2010,Individual,1st owner,32000,,30000
Bajaj Discover 125,,2016,Individual,1st owner,42000,60122,50000
Yamaha FZ16,,2015,Individual,1st owner,32000,78712,35000
Honda Navi,,2016,Individual,2nd owner,10000,47255,28000
Bajaj Avenger Street 220,,2018,Individual,1st owner,21178,95955,80000
Yamaha YZF R3,,2019,Individual,1st owner,1127,351680,365000
Jawa 42,,2020,Individual,1st owner,1700,,185000
Suzuki Access 125 [2007-2016],,2012,Individual,1st owner,55000,58314,25000
Hero Honda Glamour,,2006,Individual,1st owner,27000,,25000
Yamaha YZF R15 S,,2010,Individual,2nd owner,45000,117926,40000
Royal Enfield Classic Gunmetal Grey,,2018,Individual,1st owner,23000,148114,150000
Yamaha FZ25,,2018,Individual,1st owner,39000,132680,120000
Hero Passion Pro 110,,2008,Individual,1st owner,60000,,15000
Honda Navi [2016-2017],,2016,Individual,1st owner,17450,44389,26000
Honda Activa i,,2013,Individual,2nd owner,20696,53900,32000
Jawa Standard,,2019,Individual,1st owner,2000,,180000
Royal Enfield Thunderbird 350,,2016,Individual,1st owner,20000,,110000
Honda Dream Yuga,,2012,Individual,1st owner,35000,56147,25000
TVS Apache RTR 160 4V,,2018,Individual,1st owner,15210,,80000
Honda Navi [2016-2017],,2017,Individual,1st owner,24000,44389,42000
Yamaha Fazer [2009-2016],,2013,Individual,3rd owner,35000,84751,40000
Hero Honda Splendor NXG,,2009,Individual,1st owner,10000,,21000
Hero Glamour 125,,2017,Individual,1st owner,2500,61600,55000
Yamaha FZ S [2012-2016],,2013,Individual,1st owner,75000,79432,38000
Hero Xtreme Sports,,2016,Individual,2nd owner,50000,78350,43000
Honda X-Blade,,2018,Individual,1st owner,27000,,65000
Honda CB Shine SP,,2019,Individual,1st owner,10000,71049,62000
Honda Activa 5G,,2018,Individual,1st owner,6502,57557,60000
Hero Glamour 125,,2018,Individual,1st owner,21000,61600,45000
Honda CBR-250R,,2016,Individual,1st owner,16000,202310,120000
Hero Honda Passion PRO [2012],,2011,Individual,1st owner,42000,,30000
Royal Enfield Thunderbird 350,,2015,Individual,3rd owner,13000,,90000
Bajaj Dominar 400,,2017,Individual,1st owner,12800,,125000
Hero Glamour FI,,2018,Individual,1st owner,20000,71150,50000
KTM 390 Duke,,2017,Individual,1st owner,4600,,175000
Hero Passion XPro,,2012,Individual,1st owner,81000,56750,28000
Yamaha FZ S V 2.0,,2018,Individual,1st owner,8000,84042,85000
Hero Achiever 150,,2016,Individual,1st owner,55000,69750,29900
Bajaj Discover 125,,2011,Individual,1st owner,57000,60122,25000
Yamaha FZ16,,2009,Individual,2nd owner,26000,78712,30000
Yamaha Saluto,,2018,Individual,1st owner,13000,59844,60000
Yamaha FZ16,,2012,Individual,2nd owner,29000,78712,35000
Bajaj Discover 100,,2010,Individual,1st owner,43000,42859,25000
Honda CB Trigger,,2015,Individual,1st owner,40000,73413,30000
Royal Enfield Electra 5 S,,2010,Individual,2nd owner,40000,,90000
Hero Splendor PRO,,2015,Individual,2nd owner,24000,49900,35000
Honda Activa 5G,,2019,Individual,1st owner,3000,59422,70000
Hero Honda Passion Plus,,2006,Individual,1st owner,75000,,25000
Bajaj Pulsar 150,,2010,Individual,1st owner,42000,,25000
Royal Enfield Bullet 350,,2014,Individual,1st owner,13000,,90000
Bajaj Discover 125,,2013,Individual,1st owner,55000,57549,25000
Bajaj Pulsar 150 [2001-2011],,2011,Individual,1st owner,23000,,42000
Hero Splendor PRO,,2015,Individual,2nd owner,24000,51994,35000
Hero Xtreme Sports,,2014,Individual,1st owner,80000,80350,50000
Honda Activa 3G,,2015,Individual,1st owner,39000,54605,30000
Yamaha FZ16,,2016,Individual,1st owner,20000,78712,48000
Honda CB Hornet 160R,,2016,Individual,1st owner,30000,88161,65000
Royal Enfield Thunderbird 350,,2013,Individual,1st owner,21000,,85000
Hero Hunk,,2014,Individual,1st owner,41000,78513,45000
Suzuki Let''s,,2014,Individual,1st owner,8000,50098,34000
Royal Enfield Electra 4 S,,2008,Individual,1st owner,50000,,90000
TVS Scooty Pep Plus,,2012,Individual,1st owner,8150,,35000
Mahindra Mojo XT300,,2017,Individual,1st owner,1933,195500,165000
TVS Apache RTR 160,,2013,Individual,1st owner,55750,,35000
Bajaj Pulsar AS200,,2015,Individual,1st owner,15856,92074,65000
Bajaj Pulsar 150,,2013,Individual,1st owner,27000,,29500
Royal Enfield Thunderbird 350X,,2019,Individual,1st owner,3700,164004,165000
Suzuki Intruder 150,,2018,Individual,1st owner,21938,,95000
Hero Honda Karizma ZMR [2010],,2010,Individual,1st owner,48000,,50000
Honda Dio,,2009,Individual,2nd owner,16000,,7500
Bajaj Xcd,,2008,Individual,1st owner,54000,,25000
Hero Splendor Plus,,2014,Individual,2nd owner,35000,,35000
Royal Enfield Thunderbird 350X,,2018,Individual,1st owner,15000,,160000
Honda CB Unicorn 150,,2014,Individual,1st owner,32000,74295,50000
Honda Activa 5G,,2019,Individual,1st owner,3500,57557,62000
Honda CB Twister,,2013,Individual,1st owner,9000,53857,30000
Hero Splendor PRO,,2015,Individual,1st owner,38000,49642,28000
Hero Honda CD Deluxe,,2009,Individual,1st owner,50000,,25000
Honda Activa i [2016-2017],,2015,Individual,2nd owner,20000,51112,30000
Royal Enfield Classic Gunmetal Grey,,2018,Individual,1st owner,22000,148114,140000
TVS Scooty Zest 110,,2017,Individual,1st owner,9432,53751,30000
Hero CD Deluxe,,2014,Individual,1st owner,70000,,25000
Suzuki Access 125 [2007-2016],,2010,Individual,2nd owner,43000,58314,22000
Honda Activa [2000-2015],,2012,Individual,1st owner,500000,50267,22989
Honda Activa 125 [2016-2017],,2016,Individual,1st owner,30514,61653,42000
Suzuki GS150R,,2010,Individual,1st owner,130000,70851,30000
Bajaj Pulsar 220S,,2015,Individual,1st owner,45000,,55000
Honda Activa 4G,,2018,Individual,1st owner,25000,53079,45000
Yamaha FZ25,,2019,Individual,1st owner,2500,133680,150000
Bajaj Pulsar 150,,2015,Individual,1st owner,22770,,42000
Hero Splendor Plus,,2015,Individual,1st owner,30000,,30000
Bajaj Discover 100,,2012,Individual,2nd owner,35000,42859,24999
Royal Enfield Thunderbird 350X,,2019,Individual,1st owner,6330,,160000
Royal Enfield Classic 350,,2020,Individual,1st owner,500,,175000
Bajaj Pulsar 150,,2013,Individual,1st owner,43400,,40000
Bajaj Pulsar NS160,,2018,Individual,1st owner,7004,,85000
Royal Enfield Classic Desert Storm,,2017,Individual,1st owner,16500,181445,150000
Suzuki Gixxer SF,,2018,Individual,1st owner,12500,,80000
TVS Apache RTR 200 4V,,2018,Individual,1st owner,9600,,95000
Bajaj V15,,2016,Individual,1st owner,35000,65626,42000
TVS XL 100 Heavy Duty,,2019,Individual,1st owner,11000,,40000
Yamaha FZ S V 2.0,,2015,Individual,1st owner,20000,84042,50000
Hero HF Deluxe,,2018,Individual,1st owner,13000,,40000
Aprilia SR 125,,2019,Individual,1st owner,3500,,75000
Yamaha FZ25,,2017,Individual,1st owner,9000,132680,120000
Hero Honda Glamour,,2008,Individual,1st owner,7500,,30000
Bajaj Discover 125 ST,,2013,Individual,1st owner,38000,58438,17500
Hero Honda Passion Plus,,2004,Individual,1st owner,120000,,7500
Honda Aviator,,2018,Individual,1st owner,6465,61118,57000
Vespa SXL 149,,2018,Individual,1st owner,18803,,80000
TVS Scooty Pep Plus,,2010,Individual,1st owner,20000,,18000
Hero Xtreme [2013-2014],,2013,Individual,1st owner,24000,75936,25000
Royal Enfield Thunderbird 350,,2014,Individual,2nd owner,22000,,83900
UM Renegade Commando,,2018,Individual,1st owner,7000,180525,160000
Royal Enfield Classic Gunmetal Grey,,2018,Individual,1st owner,6100,148114,135000
Honda CB Hornet 160R,,2017,Individual,1st owner,14000,87543,55000
Honda Shine,,2017,Individual,1st owner,23000,,50000
Bajaj Discover 100,,2012,Individual,1st owner,85000,42859,20000
Hero Honda CBZ extreme,,2010,Individual,1st owner,40000,,25000
Royal Enfield Classic 350,,2017,Individual,1st owner,18000,,125000
Honda Activa 5G,,2019,Individual,1st owner,10000,57557,55000
Bajaj Avenger Street 150 [2018],,2016,Individual,1st owner,40000,80435,50000
Royal Enfield Continental GT 650,,2019,Individual,1st owner,1500,,299000
Honda Activa 3G,,2015,Individual,1st owner,30000,54605,60000
Honda Activa 3G,,2015,Individual,1st owner,3000,54605,40000
Bajaj Pulsar 180,,2008,Individual,1st owner,55000,85011,15000
Harley-Davidson Street Bob,,2013,Individual,2nd owner,12000,1278000,750000
Hero Honda CBZ extreme,,2007,Individual,1st owner,90000,,20000
Royal Enfield Classic Gunmetal Grey,,2020,Individual,1st owner,500,155740,190000
KTM 390 Duke ABS [2013-2016],,2015,Individual,1st owner,50000,202127,130000
Honda CB Hornet 160R,,2016,Individual,1st owner,25000,88161,54786
KTM 200 Duke,,2013,Individual,1st owner,36500,,72000
Hero Karizma 2014,,2013,Individual,1st owner,26000,86744,35000
Hero Glamour 125,,2017,Individual,1st owner,18000,61600,45000
Royal Enfield Classic 350,,2013,Individual,1st owner,49000,,85000
Royal Enfield Classic 500,,2013,Individual,1st owner,18000,156304,100000
Bajaj Dominar 400,,2017,Individual,1st owner,15000,,138000
Royal Enfield Thunderbird 350X,,2018,Individual,1st owner,8500,,150000
KTM RC 390,,2017,Individual,1st owner,3775,,180000
Royal Enfield Thunderbird 350,,2015,Individual,1st owner,14500,,100000
Hero Hunk,,2010,Individual,1st owner,35000,78513,20000
KTM 390 Duke,,2017,Individual,1st owner,14000,,170000
Suzuki Gixxer [2014-2018],,2016,Individual,1st owner,16000,84246,60000
Royal Enfield Bullet 350,,2016,Individual,1st owner,7000,,123000
Suzuki Access 125,,2017,Individual,1st owner,4000,,60000
TVS Apache RTR 200 4V,,2017,Individual,1st owner,45000,,100000
Hero Xtreme Sports,,2014,Individual,1st owner,99000,78350,22000
Honda Activa [2000-2015],,2014,Individual,1st owner,52000,50267,30000
Bajaj Discover 125,,2013,Individual,1st owner,45000,60122,28000
Bajaj Pulsar 150,,2007,Individual,1st owner,52000,,50000
Yamaha Saluto RX,,2017,Individual,1st owner,27000,49521,40000
Hero HF Deluxe,,2018,Individual,1st owner,60000,,43000
Suzuki Access 125,,2015,Individual,1st owner,2300,,40000
Royal Enfield Classic Desert Storm,,2012,Individual,1st owner,15000,181445,100000
Hero HF Deluxe,,2016,Individual,1st owner,50000,,30000
KTM RC 200,,2017,Individual,1st owner,27000,,130000
Honda CB Hornet 160R,,2016,Individual,2nd owner,25000,88161,48000
Bajaj CT 100,,2017,Individual,1st owner,40000,,32000
Hero Honda Pleasure,,2010,Individual,1st owner,32000,,23000
Bajaj Pulsar 135 LS,,2010,Individual,2nd owner,50000,64589,20000
Royal Enfield Classic 350,,2017,Individual,1st owner,36000,,125000
Honda Navi [2016-2017],,2016,Individual,1st owner,17450,44389,23000
Bajaj Discover 125,,2011,Individual,1st owner,32000,57549,15000
Yamaha SZ RR V 2.0,,2015,Individual,1st owner,38000,69983,35000
Bajaj Discover 150,,2014,Individual,2nd owner,71000,54299,25000
Bajaj Pulsar 150,,2019,Individual,1st owner,8000,,80000
TVS Flame,,2010,Individual,1st owner,12000,,15000
Vespa VX 125,,2013,Individual,2nd owner,50000,72303,45000
Yamaha SZ X,,2012,Individual,2nd owner,30000,65800,25000
Honda CBF Stunner,,2013,Individual,1st owner,15888,58757,35000
Bajaj Discover 100 T,,2013,Individual,1st owner,26000,47032,25000
Royal Enfield Classic 350,,2018,Individual,1st owner,5600,,170000
Honda Activa [2000-2015],,2014,Individual,1st owner,41000,50267,25000
Royal Enfield Electra 5 S,,2007,Individual,2nd owner,19612,,60000
Bajaj Pulsar 150,,2012,Individual,1st owner,17000,,41000
Honda Shine,,2012,Individual,1st owner,33700,,35000
Honda CB Unicorn 160,,2015,Individual,1st owner,100000,79233,75000
Honda Activa 3G,,2016,Individual,1st owner,6000,54605,47999
Honda Shine,,2011,Individual,1st owner,21000,,36999
Bajaj Pulsar 180,,2007,Individual,1st owner,80000,85011,25000
Suzuki Gixxer SF,,2016,Individual,1st owner,15000,,60000
Honda CB Unicorn 150,,2007,Individual,1st owner,46000,74295,50000
Yamaha YZF R15 [2011-2018],,2013,Individual,1st owner,11000,118997,65000
TVS Sport,,2007,Individual,1st owner,72000,,12000
Bajaj Pulsar AS200,,2015,Individual,1st owner,50000,92074,60000
Honda Activa [2000-2015],,2010,Individual,1st owner,50000,50267,20000
Yamaha FZ16,,2011,Individual,1st owner,67000,78712,27000
Bajaj Boxer,,2000,Individual,1st owner,30000,,10000
Hero Honda Hunk,,2015,Individual,1st owner,48000,,56000
Hero Honda Hunk,,2015,Individual,1st owner,48000,,58000
Bajaj Avenger Cruise 220,,2018,Individual,1st owner,8000,,87000
Yamaha Ray Z,,2015,Individual,1st owner,15500,52949,35000
Bajaj Pulsar 180,,2012,Individual,1st owner,45000,85011,35000
Bajaj Discover 150F,,2014,Individual,2nd owner,60855,64071,40000
Bajaj Pulsar 135 LS,,2017,Individual,3rd owner,37714,64589,56000
Bajaj Pulsar 180,,2008,Individual,2nd owner,60000,85011,30000
Honda Activa 125 [2016-2017],,2017,Individual,1st owner,26000,61545,40000
Hero HF Deluxe,,2019,Individual,1st owner,6000,,60000
Hero Karizma 2014,,2013,Individual,1st owner,30000,86744,40000
Bajaj Platina 100,,2018,Individual,1st owner,17000,,40000
Royal Enfield Bullet 500,,2015,Individual,1st owner,34601,168482,130000
Bajaj Pulsar AS200,,2015,Individual,1st owner,48000,92074,45000
Yamaha FZ S [2012-2016],,2013,Individual,1st owner,60000,79432,42000
Bajaj Pulsar 220 Fi,,2012,Individual,1st owner,44000,,25000
Bajaj Pulsar 150,,2006,Individual,1st owner,55000,,15000
Bajaj Dominar 400 [2018],,2018,Individual,1st owner,16000,163331,170000
Hero Passion X Pro [2016-2017],,2016,Individual,2nd owner,20000,59095,38000
Yamaha FZ S V 2.0,,2015,Individual,2nd owner,17500,84042,60000
TVS Apache RTR 160,,2017,Individual,1st owner,46000,,65000
Bajaj Avenger [2015],,2011,Individual,1st owner,30000,75502,35000
Bajaj Pulsar 150,,2019,Individual,1st owner,6500,,70000
Hero Honda Glamour,,2006,Individual,1st owner,80000,,15000
Hero Splendor iSmart,,2017,Individual,2nd owner,10000,52271,50000
Royal Enfield Classic 350,,2017,Individual,1st owner,2200,,145000
Yamaha FZ16,,2008,Individual,1st owner,40000,78712,25000
Hero Xtreme Sports,,2016,Individual,1st owner,21000,80350,58000
Royal Enfield Bullet 350 [2007-2011],,2007,Individual,1st owner,3500,,90000
Hero Honda Passion,,2002,Individual,2nd owner,66191,,9000
Bajaj Discover 150S,,2014,Individual,1st owner,50000,63331,40000
TVS Scooty Zest 110,,2015,Individual,1st owner,32800,52372,28000
Bajaj Avenger Street 150 [2018],,2016,Individual,1st owner,32000,80435,50000
Yamaha Cygnus Ray ZR,,2019,Individual,1st owner,3900,58630,56000
Honda Activa [2000-2015],,2014,Individual,1st owner,10000,50267,35000
TVS Apache RTR 200 4V,,2018,Individual,1st owner,9600,,95000
Honda Shine,,2010,Individual,1st owner,46782,,30000
Honda CB Hornet 160R,,2019,Individual,1st owner,8000,94703,95000
Honda Activa i [2016-2017],,2017,Individual,1st owner,11000,53436,40000
Hero Karizma 2014,,2014,Individual,2nd owner,51000,86744,30000
Bajaj Discover 100 T,,2013,Individual,1st owner,45000,47032,18000
Honda Aviator,,2008,Individual,1st owner,66000,59183,14000
Hero Splendor Plus,,2010,Individual,2nd owner,50000,,17000
Royal Enfield Thunderbird 350,,2017,Individual,1st owner,23500,,125000
Bajaj CT 110,,2015,Individual,1st owner,25000,,20000
Hero Passion PRO i3s,,2017,Individual,1st owner,41000,56925,50000
KTM RC 390,,2017,Individual,1st owner,12000,,210000
Bajaj Pulsar 220F,,2018,Individual,1st owner,33000,,70000
Hero Maestro Edge,,2017,Individual,1st owner,15000,55980,40000
Bajaj Xcd,,2008,Individual,1st owner,50000,,10000
Bajaj Pulsar 150,,2010,Individual,1st owner,40000,,35000
TVS Centra,,2005,Individual,1st owner,50000,,10000
Honda Activa 3G,,2015,Individual,1st owner,20000,54605,42000
Yamaha FZ16,,2009,Individual,1st owner,50000,78712,20000
Hero Maestro Edge,,2017,Individual,1st owner,55000,52790,25000
Bajaj Discover 125,,2016,Individual,1st owner,70350,60122,25000
Royal Enfield Thunderbird 350X,,2019,Individual,1st owner,2700,164004,145000
Hero Super Splendor,,2016,Individual,1st owner,20000,,50000
TVS Scooty Pep Plus,,2011,Individual,1st owner,20000,,30000
Yamaha FZ V 2.0,,2014,Individual,1st owner,41311,81508,60000
Hero Honda Splendor Plus,,2005,Individual,1st owner,65000,,15000
Hero CD Deluxe,,2014,Individual,2nd owner,34000,,15000
Hero Honda Passion PRO [2012],,2011,Individual,1st owner,20000,,25000
Hero HF Deluxe i3s,,2019,Individual,1st owner,11000,,54000
Bajaj Xcd,,2007,Individual,1st owner,75000,,25000
Royal Enfield Interceptor 650,,2019,Individual,1st owner,1200,,260000
Honda CBR-250R,,2014,Individual,1st owner,19000,199275,100000
Bajaj Kristal,,2007,Individual,1st owner,30000,,15000
Hero Honda Splendor Plus,,2006,Individual,1st owner,23000,,20000
Honda Dream Yuga,,2014,Individual,1st owner,10000,56147,35000
Yamaha FZ S V 2.0,,2016,Individual,1st owner,40000,87042,50000
Hero Xpulse 200,,2019,Individual,1st owner,8600,107500,90000
Bajaj V15,,2016,Individual,1st owner,45000,67187,40000
Bajaj Avenger Street 220,,2016,Individual,1st owner,7200,95955,80000
Bajaj Discover 135,,2010,Individual,1st owner,31195,,20000
Honda CB Unicorn 150,,2017,Individual,1st owner,18000,74295,70000
Vespa SXL 149,,2019,Individual,1st owner,1000,,98000
Royal Enfield Machismo,,2008,Individual,2nd owner,17000,,75000
Honda CB Shine SP,,2016,Individual,1st owner,46000,67214,50000
Honda CB Unicorn 150,,2014,Individual,1st owner,77592,74295,40000
Honda CB Unicorn 150,,2013,Individual,1st owner,54000,74295,75000
Honda CB Unicorn 150,,2013,Individual,1st owner,17000,74295,50000
Bajaj Pulsar 150,,2014,Individual,1st owner,60000,,60000
TVS Apache RTR 160,,2016,Individual,1st owner,40000,,50000
Honda Dio,,2014,Individual,1st owner,25000,,35000
Royal Enfield Thunderbird 350,,2018,Individual,1st owner,19000,,160000
Hero Maestro,,2015,Individual,2nd owner,40000,49412,25000
Hero Honda CBZ extreme,,2010,Individual,1st owner,51000,,42000
Bajaj Dominar 400,,2019,Individual,1st owner,7600,,200000
Honda Activa 125,,2014,Individual,1st owner,14965,,40000
Royal Enfield Classic Desert Storm,,2015,Individual,2nd owner,25000,181445,130000
KTM 250 Duke,,2019,Individual,1st owner,6000,,195000
KTM RC 390,,2019,Individual,1st owner,2380,,270000
Kawasaki Ninja 650 [2018-2019],,2017,Individual,2nd owner,13600,599000,425000
TVS Apache RTR 200 4V,,2018,Individual,1st owner,10000,,85000
Kawasaki Ninja 250R,,2010,Individual,2nd owner,21000,317934,125000
TVS Wego,,2018,Individual,1st owner,10000,54760,45000
Honda CBR-250R,,2014,Individual,2nd owner,18600,171646,85000
Bajaj Pulsar NS200,,2018,Individual,1st owner,7750,,85000
Suzuki GSX S750,,2019,Individual,1st owner,2800,752020,760000
Royal Enfield Thunderbird 350,,2015,Individual,1st owner,30000,,100000
Royal Enfield Classic 350,,2015,Individual,1st owner,9800,,95000
Honda CB Shine SP,,2015,Individual,1st owner,25000,67469,48000
Bajaj Avenger Street 150 [2018],,2016,Individual,1st owner,29689,80435,40000
Honda CBF Stunner,,2014,Individual,1st owner,43000,58757,37000
Bajaj Avenger [2015],,2014,Individual,2nd owner,28243,75502,38000
Suzuki Gixxer [2014-2018],,2015,Individual,1st owner,25000,78316,55000
Suzuki Access 125,,2017,Individual,1st owner,22300,,45000
TVS Scooty Streak,,2009,Individual,2nd owner,33595,44140,18000
Royal Enfield Thunderbird 350X,,2018,Individual,1st owner,5505,,140000
Yamaha Rx,,2000,Individual,3rd owner,5000,,70000
Hero Honda Splendor Plus,,2007,Individual,1st owner,30000,,15000
Bajaj Pulsar 125,,2019,Individual,1st owner,16000,,65000
Honda Activa 5G,,2018,Individual,1st owner,22000,57557,42000
Yamaha Fazer Dlx,,2012,Individual,1st owner,40000,,58000
Harley-Davidson Street 750,,2014,Individual,4th owner,6500,534000,330000
Hero Xtreme 2014,,2013,Individual,1st owner,15000,72973,35000
Royal Enfield Classic 350,,2018,Individual,1st owner,17365,,162000
Hero Honda Hunk,,2009,Individual,1st owner,40000,,28000
Royal Enfield Interceptor 650,,2019,Individual,1st owner,5500,,285000
Royal Enfield Classic 350,,2017,Individual,1st owner,33900,,125000
Bajaj Pulsar 150 [2001-2011],,2005,Individual,1st owner,47670,,15000
Honda Activa [2000-2015],,2013,Individual,1st owner,45000,50267,29500
TVS Apache RR310,,2019,Individual,1st owner,5000,,200000
Jawa Standard,,2019,Individual,1st owner,5700,,160000
Hero Honda Splendor PRO,,2012,Individual,1st owner,22866,,30000
Yamaha FZ25,,2019,Individual,1st owner,10000,133680,110000
Bajaj Pulsar 220F,,2016,Individual,1st owner,31000,,70000
Yamaha Fascino 110,,2019,Individual,1st owner,1600,57112,69000
Yamaha FZ16,,2011,Individual,1st owner,44000,78712,30000
Yamaha FZ16,,2010,Individual,1st owner,70000,78712,30000
TVS Star City Plus,,2017,Individual,1st owner,21000,,42000
Royal Enfield Classic 350,,2018,Individual,1st owner,17365,,160000
Bajaj Pulsar 135 LS,,2010,Individual,1st owner,80000,64589,20000
Suzuki Access 125,,2017,Individual,1st owner,15000,,45000
Bajaj Pulsar 135 LS,,2010,Individual,1st owner,77000,64589,23000
UM Renegade Commando,,2017,Individual,2nd owner,40000,180525,140000
Hero Honda Splendor Plus,,2005,Individual,1st owner,48000,,12000
Hero Passion PRO i3s,,2017,Individual,1st owner,18000,56925,50000
Royal Enfield Classic 350,,2018,Individual,1st owner,20000,,140000
Honda Activa 5G,,2019,Individual,1st owner,9000,59422,55000
Yamaha Fascino 110,,2016,Individual,1st owner,56000,54500,45000
Hero Splendor Plus,,2012,Individual,1st owner,50000,,25000
Royal Enfield Thunderbird 350,,2014,Individual,1st owner,12000,,90000
Yamaha YZF R15 V3,,2018,Individual,1st owner,11500,,120000
KTM RC 200,,2015,Individual,1st owner,20000,,120000
TVS Radeon,,2017,Individual,1st owner,20000,66492,35000
Hero HF Deluxe,,2017,Individual,1st owner,27000,,35000
BMW G310GS,,2018,Individual,1st owner,2500,349000,300000
Royal Enfield Thunderbird 350,,2012,Individual,1st owner,20477,,87000
Hero Honda Splendor Plus,,2010,Individual,1st owner,35700,,18000
Yamaha FZ S V 2.0,,2014,Individual,1st owner,70000,84042,50000
Bajaj Avenger Street 220,,2016,Individual,1st owner,29000,95955,60000
Hero Honda Splendor Plus,,2004,Individual,1st owner,14500,,15000
Bajaj Platina 100,,2018,Individual,1st owner,37000,,30000
Royal Enfield Thunderbird 350X,,2018,Individual,1st owner,3246,,160000
Honda CB Unicorn 150,,2016,Individual,1st owner,27000,74295,50000
Suzuki Gixxer [2014-2018],,2017,Individual,1st owner,15000,78316,62000
Bajaj Platina 100,,2019,Individual,1st owner,15000,,45000
Royal Enfield Thunderbird 350,,2017,Individual,1st owner,4050,,120000
Royal Enfield Thunderbird 500,,2014,Individual,1st owner,25000,190874,125000
Bajaj Pulsar AS150,,2015,Individual,1st owner,5000,80821,50000
Bajaj Pulsar 150,,2012,Individual,2nd owner,5000,,30000
Hero Pleasure,,2014,Individual,1st owner,14000,51600,40000
Honda Aviator,,2013,Individual,1st owner,36500,63537,41000
Royal Enfield Thunderbird 350,,2017,Individual,2nd owner,9000,,120000
Hero Ignitor,,2014,Individual,1st owner,33200,67722,35000
Hero Honda CD100SS,,1997,Individual,1st owner,646000,,10000
TVS Apache RTR 160,,2011,Individual,1st owner,25000,,35000
Hero Achiever 150,,2017,Individual,1st owner,26000,69750,38000
Vespa LX 125,,2015,Individual,1st owner,3909,77900,50000
Honda Activa 3G,,2015,Individual,1st owner,7672,54605,40000
Hero Splendor Plus i3s,,2019,Individual,1st owner,3000,55600,70000
Royal Enfield Classic 350,,2016,Individual,1st owner,3654,,140000
Hero Maestro,,2016,Individual,2nd owner,40000,53830,26500
Hero Glamour 125,,2016,Dealer,1st owner,5500,61600,38000
Yamaha FZ16,,2016,Individual,1st owner,29950,78712,60000
Royal Enfield Himalayan,,2017,Individual,1st owner,14000,,145000
Yamaha FZ S V 2.0,,2017,Individual,1st owner,26100,84480,78000
Hero Maestro Edge,,2018,Individual,1st owner,6000,54580,58000
Yamaha FZ25,,2017,Individual,1st owner,4000,132680,130000
TVS Victor,,2001,Individual,1st owner,50000,54852,20000
Bajaj Dominar 400 [2018],,2018,Individual,1st owner,5475,163331,150000
Bajaj Pulsar 180,,2012,Individual,1st owner,40000,85011,32000
Bajaj Pulsar 180,,2017,Individual,1st owner,20500,85011,50000
KTM 200 Duke,,2017,Individual,1st owner,4100,,120000
Bajaj Avenger Street 150 [2018],,2016,Individual,2nd owner,23097,80435,60000
Bajaj Discover 100 M,,2011,Individual,1st owner,37734,44756,20000
Royal Enfield Bullet 350 [2007-2011],,2011,Individual,2nd owner,65000,,65000
Yamaha YZF R15 S,,2016,Individual,1st owner,8000,117926,70000
Yamaha FZ V 2.0,,2014,Individual,1st owner,13500,81508,35000
Bajaj Avenger Street 220,,2018,Individual,1st owner,23000,95955,95000
Bajaj Pulsar 150,,2005,Individual,1st owner,58000,,8000
Royal Enfield Thunderbird 350,,2010,Individual,1st owner,15000,,85000
Hero Achiever 150,,2016,Individual,1st owner,29000,69750,65000
Hero Passion Pro 110,,2013,Individual,1st owner,20000,,39000
Hero Duet,,2017,Individual,1st owner,35000,50280,45000
Bajaj Avenger Street 150 [2018],,2016,Individual,1st owner,45137,80435,60000
Royal Enfield Classic Stealth Black,,2018,Individual,1st owner,7500,204977,160000
Bajaj Pulsar 150,,2011,Individual,1st owner,35600,,35000
Bajaj Pulsar 135 LS,,2018,Individual,1st owner,15000,64589,40000
Yamaha Fazer [2009-2016],,2012,Individual,1st owner,7353,84751,40000
Honda CB Hornet 160R,,2017,Individual,2nd owner,13200,87543,56000
Honda CB Unicorn Dazzler,,2011,Individual,1st owner,38350,71757,22000
Yamaha YBR 125,,2014,Individual,1st owner,20400,54593,36000
Suzuki Intruder 150 Fi,,2018,Individual,1st owner,14500,110240,100000
Bajaj V15,,2016,Individual,1st owner,19500,67187,42000
Royal Enfield Electra 5 S,,2008,Individual,1st owner,20000,,85000
Hero Passion PRO TR,,2014,Individual,1st owner,36000,54586,45000
Yamaha FZ25,,2019,Individual,1st owner,4500,133680,145000
Hero Karizma [2003-2014],,2013,Individual,1st owner,38000,85766,50000
Royal Enfield Interceptor 650,,2019,Individual,1st owner,9000,,270000
Royal Enfield Thunderbird 350,,2006,Individual,1st owner,40000,,60000
Royal Enfield Classic Squadron Blue,,2017,Individual,1st owner,25000,181445,140000
Hero Honda Splendor Plus,,2008,Individual,1st owner,70889,,28000
KTM 390 Duke ABS [2013-2016],,2015,Individual,2nd owner,13125,202127,180000
Bajaj Pulsar 180,,2014,Individual,2nd owner,19600,85011,42000
Suzuki Access 125 [2007-2016],,2011,Individual,1st owner,40000,58314,16000
Hero Splendor iSmart,,2015,Individual,1st owner,19055,52271,40000
Bajaj Pulsar 180,,2012,Individual,2nd owner,57000,85011,38000
Yamaha YZF R15 S,,2017,Individual,1st owner,13000,117926,85000
Honda Aviator,,2013,Individual,1st owner,28087,63537,28000
KTM 200 Duke,,2018,Individual,1st owner,24000,,135000
Royal Enfield Thunderbird 350,,2016,Individual,1st owner,24600,,120000
Hero Karizma ZMR,,2010,Individual,1st owner,27500,108000,37000
Royal Enfield Classic Chrome,,2015,Individual,1st owner,45000,189313,135000
Hero Honda Splendor,,2000,Individual,1st owner,61000,,10000
Mahindra Rodeo,,2013,Individual,1st owner,7000,47343,20000
TVS Apache RTR 160,,2019,Individual,1st owner,6400,,83299
Yamaha Fazer FI V 2.0 [2016-2018],,2018,Individual,1st owner,3500,89643,65000
Honda Activa 5G,,2018,Individual,1st owner,14000,59422,50000
Bajaj Pulsar 220 Fi,,2013,Individual,1st owner,6409,,65000
Hero Honda Karizma ZMR [2010],,2012,Individual,3rd owner,44000,,45000
Honda CB Hornet 160R,,2017,Individual,1st owner,16500,92210,60000
Royal Enfield Bullet 350,,2015,Individual,1st owner,36000,,110000
Hero Honda CD Deluxe,,2005,Individual,2nd owner,30000,,14700
Yamaha Saluto,,2015,Individual,1st owner,15000,63180,38000
Suzuki Access 125,,2018,Individual,1st owner,14500,,70000
TVS Sport,,2018,Individual,1st owner,26600,,35000
Hero Honda Glamour,,2012,Individual,1st owner,32000,,19000
KTM 125 Duke,,2019,Individual,1st owner,3500,,130000
Bajaj Pulsar NS200,,2013,Dealer,1st owner,58203,,50000
Bajaj Pulsar 150 [2001-2011],,2005,Individual,1st owner,21885,,18000
Hero Xtreme 200R,,2019,Individual,1st owner,3200,93400,87000
Hero Honda Splendor Plus,,2007,Individual,1st owner,40000,,40000
Bajaj Discover 150S,,2015,Individual,1st owner,28000,63331,35000
Honda CBR-250R,,2011,Individual,2nd owner,3500,171646,100000
Hero Pleasure,,2013,Individual,1st owner,24000,51600,30000
Bajaj Avenger Cruise 220,,2018,Individual,1st owner,1800,,95000
Bajaj Discover 125 ST,,2012,Individual,1st owner,76000,58438,25000
Bajaj Pulsar 150 [2001-2011],,2010,Individual,1st owner,52500,,26500
Bajaj Boxer,,2008,Individual,1st owner,17500,,12000
Bajaj Pulsar 150,,2006,Individual,1st owner,41000,,20000
Royal Enfield Classic Signals,,2018,Individual,1st owner,2845,164095,195000
Bajaj Pulsar 180,,2007,Individual,1st owner,50000,85011,14900
Honda Dream Yuga,,2018,Individual,1st owner,7110,56147,48000
Yamaha FZ S [2012-2016],,2014,Individual,1st owner,27785,79432,40000
Honda CB Unicorn,,2010,Individual,1st owner,75000,71681,45000
Honda Shine,,2010,Individual,1st owner,20000,,25000
Honda Activa 3G,,2011,Individual,1st owner,20000,54605,25000
Honda Activa [2000-2015],,2009,Individual,1st owner,60000,50267,10000
Mahindra Flyte,,2009,Individual,3rd owner,20000,44493,22000
Honda Activa 3G,,2015,Individual,1st owner,18000,54605,45000
KTM 250 Duke,,2017,Individual,1st owner,16500,,135000
Yamaha Ray Z,,2017,Individual,1st owner,15000,52949,75000
Bajaj Pulsar 135 LS,,2010,Individual,1st owner,45000,64589,24000
Yamaha FZ16,,2016,Individual,1st owner,37000,78712,45000
Hero Passion PRO i3s,,2017,Individual,1st owner,14600,54475,55000
Bajaj Discover 125,,2006,Individual,1st owner,51000,57549,10000
Royal Enfield Classic 350,,2017,Individual,1st owner,15000,,135000
Honda CB Unicorn 150,,2017,Individual,1st owner,12000,74295,55000
Bajaj Avenger [2015],,2012,Individual,1st owner,15000,75502,35000
Bajaj Super,,1988,Individual,1st owner,21000,,20000
Bajaj Pulsar 150,,2012,Individual,2nd owner,65000,,26000
Honda Activa [2000-2015],,2009,Individual,1st owner,95000,50267,23000
Royal Enfield Classic Desert Storm,,2015,Individual,1st owner,23000,181445,150000
Hero Honda CD Deluxe,,2012,Individual,2nd owner,40000,,24700
Hero Duet,,2016,Individual,2nd owner,49637,54080,35000
Hero Honda Passion PRO [2012],,2012,Individual,1st owner,90000,,12000
Royal Enfield Classic 350,,2017,Individual,1st owner,7000,,150000
Honda Activa 3G,,2016,Individual,1st owner,5326,54605,50000
Honda Activa [2000-2015],,2009,Individual,1st owner,585659,50267,25000
Hero Honda CD100,,1999,Dealer,2nd owner,10000,,15000
Hero Super Splendor,,2014,Individual,2nd owner,37541,,35000
Honda CB Trigger,,2015,Individual,1st owner,36000,83437,45000
Honda Dream Yuga,,2013,Individual,1st owner,29000,56147,25000
Hero Honda Passion Plus,,2018,Individual,1st owner,29000,,40000
TVS Spectra,,2008,Individual,1st owner,50000,,17000
Hero Ignitor,,2016,Individual,1st owner,18000,67722,30000
Hero Honda CD100,,2000,Individual,1st owner,50000,,15000
Bajaj Pulsar 220F,,2017,Individual,2nd owner,40000,,60000
Hero Splendor Plus,,2013,Individual,1st owner,20000,,30000
Yamaha YZF R15 [2011-2018],,2012,Individual,1st owner,22000,118997,60000
Honda Activa 3G,,2015,Individual,1st owner,4500,54605,32000
Bajaj Discover 150,,2012,Individual,1st owner,50000,54299,30000
Bajaj Pulsar 150 [2001-2011],,2010,Individual,1st owner,42000,,55000
Bajaj Avenger Street 150 [2018],,2016,Individual,1st owner,35000,80435,75000
TVS Star City Plus,,2017,Individual,1st owner,25000,,52000
Bajaj Discover 125,,2018,Individual,1st owner,34000,60122,38000
Bajaj Discover 135,,2007,Individual,1st owner,60000,,12000
Honda CB Shine SP,,2017,Individual,1st owner,73000,64750,47000
Honda Activa [2000-2015],,2014,Individual,1st owner,38000,50267,22000
Bajaj Avenger [2015],,2015,Individual,1st owner,26000,75502,65000
Bajaj Platina 100,,2013,Individual,2nd owner,24000,,23000
Bajaj Discover 100,,2011,Individual,1st owner,45000,42859,30000
Bajaj Pulsar 150,,2011,Individual,1st owner,36000,,35000
Bajaj Avenger Street 150 [2018],,2017,Individual,1st owner,30000,80435,80000
Bajaj Platina 100,,2012,Individual,1st owner,16295,,20000
Bajaj Pulsar 150,,2011,Individual,2nd owner,59000,,16000
Bajaj Pulsar 150,,2006,Individual,1st owner,9500,,20000
Bajaj Pulsar NS200,,2012,Individual,1st owner,46000,,50000
Honda CB Trigger,,2015,Individual,1st owner,75000,76572,40000
Bajaj Pulsar 135 LS,,2010,Individual,1st owner,80000,64589,20000
Bajaj Pulsar 180,,2018,Individual,1st owner,26000,85011,65000
Yamaha YZF R15 S,,2016,Individual,1st owner,26000,117926,85000
Hero Splendor Plus,,2007,Individual,1st owner,100000,,12000
Hero Xpulse 200T,,2019,Individual,1st owner,2900,96500,105000
Yamaha FZ S V 2.0,,2015,Individual,1st owner,25000,84042,40000
Bajaj Discover 150,,2011,Individual,2nd owner,39500,54299,30000
Honda Activa [2000-2015],,2012,Individual,1st owner,40000,50267,25000
Hero Splendor PRO,,2016,Individual,1st owner,16000,51994,40000
Honda Dream Neo,,2017,Individual,2nd owner,21000,49211,45000
Bajaj CT 100,,2018,Individual,1st owner,14000,,40000
Suzuki Access 125,,2018,Individual,1st owner,7000,76632,70000
Honda Activa [2000-2015],,2012,Individual,1st owner,22000,50267,30000
Hero Honda Pleasure,,2009,Individual,1st owner,50000,,25000
Bajaj Platina 100,,2012,Individual,1st owner,16295,,20000
Honda CB Hornet 160R,,2017,Individual,1st owner,35000,87719,70000
Bajaj V15,,2017,Individual,1st owner,9000,65626,50000
Hero Honda CD Deluxe,,2010,Individual,1st owner,35000,,25000
Bajaj Pulsar 150,,2011,Individual,1st owner,60000,,22000
Honda Activa [2000-2015],,2013,Individual,1st owner,29500,50267,35000
TVS Apache RTR 160,,2014,Individual,2nd owner,50000,,40000
Bajaj Pulsar 220F,,2016,Individual,1st owner,10500,,75000
Hero Honda Passion PRO [2012],,2011,Individual,2nd owner,60000,,28000
Hero Maestro Edge,,2018,Individual,1st owner,39000,52790,55000
Honda Dio,,2014,Individual,1st owner,24000,,30000
Hero Glamour 125,,2016,Individual,1st owner,15000,61600,40000
Bajaj Avenger Street 160,,2019,Individual,1st owner,3000,,85000
Hero Honda CD Deluxe,,2007,Individual,2nd owner,100000,,12000
Yamaha YBR 125,,2013,Individual,1st owner,20350,54593,35000
Bajaj Pulsar 150,,2015,Individual,2nd owner,50000,,25000
Bajaj Pulsar 150,,2012,Individual,2nd owner,37000,,40000
Hero Honda CD Deluxe,,2011,Individual,1st owner,70000,,15000
Hero Passion PRO i3s,,2018,Individual,1st owner,15000,54475,55000
Bajaj Pulsar 180,,2015,Individual,1st owner,28563,85011,60000
Yamaha Fazer 25,,2018,Individual,1st owner,11000,142680,115000
TVS Excel,,1998,Individual,1st owner,60000,,5000
Honda Shine,,2015,Individual,1st owner,21121,,40000
Honda Dream Neo,,2014,Individual,1st owner,25000,49211,50000
Honda Dio,,2014,Individual,1st owner,13000,,28000
Hero Splendor Plus,,2013,Individual,1st owner,55000,,35000
Bajaj Xcd,,2007,Individual,2nd owner,100000,,25000
TVS Streak,,2009,Individual,2nd owner,36000,,20000
Bajaj Pulsar 180,,2013,Individual,1st owner,34000,85011,40000
Hero Xtreme 200R,,2018,Individual,1st owner,12000,93400,86000
Yamaha YZF R15 [2011-2018],,2011,Individual,1st owner,29000,,65000
Bajaj Avenger Street 150 [2018],,2017,Individual,1st owner,30000,80435,60000
Yamaha RX135,,1998,Individual,3rd owner,16500,,65000
Honda CB Shine SP,,2017,Individual,1st owner,33000,66697,41000
Honda CBR150 R,,2017,Individual,1st owner,11800,129662,110000
Honda Dream Yuga,,2017,Individual,1st owner,39000,56147,32000
Honda Shine,,2014,Individual,1st owner,16145,,37000
Hero Splendor Plus i3s,,2019,Individual,1st owner,1000,55600,65000
Hero Honda Passion Plus,,2007,Individual,2nd owner,50000,,18000
Hero Honda Passion PRO [2012],,2012,Individual,2nd owner,49876,,28700
Honda Activa 3G,,2016,Individual,1st owner,51000,54605,35000
Bajaj Pulsar 180F,,2019,Individual,1st owner,1300,,100000
Hero Honda Glamour,,2010,Individual,1st owner,11000,,21000
Bajaj Pulsar 150 [2001-2011],,2010,Individual,2nd owner,55000,,30000
TVS Apache RTR 200 4V,,2019,Individual,1st owner,20000,,90000
Bajaj Super,,1991,Individual,1st owner,35000,,6000
Hero Honda Passion Plus,,2010,Individual,1st owner,60000,,23500
Bajaj Pulsar 150,,2015,Individual,2nd owner,40000,,55000
Yamaha SZ X,,2010,Individual,1st owner,46000,65800,35000
Hero Honda CD100,,1998,Individual,1st owner,65000,,15000
Bajaj Pulsar 180,,2009,Individual,1st owner,19000,85011,35000
Bajaj Pulsar 220 DTS-i,,2011,Individual,1st owner,26000,,40000
Hero Honda Achiever,,2009,Individual,1st owner,86000,,15000
Hero Honda Karizma,,2011,Individual,2nd owner,340000,,40000
Honda CB Unicorn 160,,2016,Individual,1st owner,40000,77545,75000
Bajaj Avenger Cruise 220,,2016,Individual,1st owner,10000,,70000
Bajaj Discover 135,,2007,Individual,1st owner,25000,,22000
Yamaha FZ S V 2.0,,2019,Individual,1st owner,10000,87042,80000
Bajaj Pulsar 150,,2017,Individual,1st owner,24000,,72000
Hero HF Deluxe,,2014,Individual,2nd owner,35000,,30000
Bajaj Pulsar 135 LS,,2011,Individual,2nd owner,30000,64589,25000
Aprilia SR 125,,2018,Individual,1st owner,6500,,65000
Bajaj Pulsar 150,,2019,Individual,1st owner,10000,,68000
Hero Duet,,2016,Individual,1st owner,28000,50280,27000
Honda CB Twister,,2015,Individual,1st owner,35000,57241,25000
Bajaj Discover 125,,2016,Individual,1st owner,20000,60122,45000
Honda CBR-250R,,2019,Individual,1st owner,5500,202310,200000
Bajaj Pulsar 180,,2008,Individual,1st owner,36000,85011,20100
Honda Shine,,2014,Individual,1st owner,25000,,30000
Suzuki Swish [2012-2015],,2014,Individual,1st owner,30000,51685,30000
TVS Star City,,2011,Individual,1st owner,101000,47108,21000
Hero Super Splendor,,2012,Individual,1st owner,21000,,45000
Yamaha Fazer [2009-2016],,2014,Individual,1st owner,57700,84751,45000
TVS Scooty Pep DLX,,2012,Individual,1st owner,44000,,14500
Honda Dream Yuga,,2019,Individual,1st owner,8800,56147,47000
TVS Star City Plus,,2014,Individual,2nd owner,68000,,26000
Yamaha Fazer [2009-2016],,2013,Individual,1st owner,120000,84751,25000
Hero Honda Street Smart,,2000,Individual,1st owner,24000,,10000
TVS Apache RTR 160,,2017,Individual,1st owner,38000,,50000
Honda Dio,,2010,Individual,1st owner,40000,,23000
Honda Activa [2000-2015],,2014,Individual,1st owner,48000,50267,50000
Hero Maestro Edge,,2015,Individual,1st owner,14000,55980,46000
Honda CB Hornet 160R,,2017,Individual,1st owner,18000,87719,80000
Hero Karizma [2003-2014],,2013,Individual,1st owner,38000,85766,50000
Honda CB Trigger,,2014,Individual,1st owner,75000,83437,40000
Honda CB Hornet 160R,,2017,Individual,1st owner,35000,87719,70000
Hero Glamour FI,,2014,Individual,1st owner,25000,71150,30900
Bajaj Avenger [2015],,2010,Individual,1st owner,20000,75502,65000
Hero Honda Splendor Plus,,2006,Individual,1st owner,100000,,15000
TVS Apache RTR 160,,2019,Individual,1st owner,6400,,89999
Hero Honda Splendor Plus,,2006,Individual,1st owner,52000,,17600
Bajaj Platina 100,,2007,Individual,1st owner,16000,,17000
Yamaha FZ25,,2018,Individual,1st owner,8200,132680,90000
Bajaj Pulsar 150 [2001-2011],,2010,Individual,1st owner,60000,,35000
Yamaha YZF R15 S,,2017,Individual,1st owner,16000,117926,70000
Bajaj Discover 125,,2011,Individual,1st owner,47000,57549,15000
Hero Passion PRO i3s,,2016,Individual,1st owner,18000,54475,35000
Honda Activa [2000-2015],,2006,Individual,1st owner,50000,50267,15000
Bajaj Discover 125,,2018,Individual,1st owner,6000,60122,50000
Suzuki Gixxer [2014-2018],,2017,Individual,1st owner,20000,82813,69000
TVS Wego,,2011,Individual,1st owner,65000,54760,15000
Bajaj Discover 150,,2008,Individual,1st owner,25000,54299,25000
Suzuki Access 125 [2007-2016],,2012,Individual,1st owner,23000,58314,30000
Hero Karizma 2014,,2014,Individual,1st owner,5555,86744,45000
Hero CD Deluxe,,2016,Individual,1st owner,38000,,35000
Yamaha Fazer 25,,2018,Individual,1st owner,6000,142680,120000
Hero Splendor Plus,,2015,Individual,1st owner,45000,,25000
Yamaha YZF R15 [2011-2018],,2017,Individual,1st owner,27000,118997,80000
Hero Honda Splendor Plus,,2007,Individual,1st owner,98000,,10000
TVS Apache RTR 160,,2018,Individual,1st owner,16000,,70000
Bajaj Pulsar 150,,2011,Individual,1st owner,50000,,35000
Hero Glamour 125,,2015,Individual,1st owner,71250,61600,40000
Hero Honda Passion Plus,,2006,Individual,1st owner,28000,,20000
Honda CB Twister,,2012,Individual,1st owner,50000,57241,30000
Bajaj CT 100,,2005,Individual,2nd owner,82000,,8000
Bajaj Pulsar 220 DTS-i,,2013,Individual,1st owner,6409,,65000
Hero Honda Super Splendor [2005],,2008,Individual,1st owner,54000,,20000
Honda CB Trigger,,2013,Individual,1st owner,20000,76572,45000
Hero Hunk,,2013,Individual,1st owner,50000,78513,35000
Bajaj Discover 150,,2011,Individual,1st owner,52000,54299,25000
TVS Apache RTR 160,,2009,Individual,4th owner,880000,,15000
Hero Xtreme Sports,,2017,Individual,1st owner,23000,78350,65000
Bajaj Avenger [2015],,2011,Individual,1st owner,35000,75502,45000
Honda Activa 125,,2017,Individual,1st owner,49000,,45000
Bajaj Pulsar 220F,,2011,Individual,2nd owner,55000,,50000
Bajaj Pulsar NS200,,2018,Individual,2nd owner,15100,,85000
Hero Honda Splendor,,2008,Individual,1st owner,38000,,25000
Honda CB Unicorn 150,,2017,Individual,1st owner,12652,74295,60000
Suzuki Gixxer SF Fi,,2019,Individual,1st owner,7000,103170,100000
KTM RC 200,,2019,Individual,2nd owner,13800,,180000
Bajaj Discover 100,,2010,Individual,2nd owner,28000,42859,25000
TVS Wego,,2011,Individual,2nd owner,20000,54760,15000
Honda CB Hornet 160R,,2017,Individual,2nd owner,16008,92210,60000
Yamaha YZF R15 S,,2018,Individual,1st owner,36000,117926,75000
Hero CBZ,,2010,Individual,1st owner,36000,,35000
TVS Scooty Zest 110,,2018,Individual,1st owner,380,53751,55000
Yamaha FZ S V 2.0,,2018,Individual,1st owner,50000,87042,85000
Hero Honda Glamour,,2012,Individual,1st owner,30000,,35000
Hero Honda CBZ extreme,,2011,Individual,1st owner,35000,,35000
Yamaha FZ S V 2.0,,2017,Individual,1st owner,14500,84042,60000
Suzuki Access 125,,2017,Individual,1st owner,15000,,40000
Bajaj Pulsar 150,,2010,Individual,1st owner,54000,,30000
Bajaj Pulsar NS160,,2018,Individual,1st owner,11000,,80000
Hero Splendor PRO,,2011,Individual,1st owner,43000,51994,24000
Honda Shine,,2010,Individual,1st owner,15000,,18000
Hero Passion Pro 110,,2008,Individual,3rd owner,40000,,20000
Yamaha FZ16,,2016,Individual,1st owner,93000,78712,40000
Suzuki Access 125,,2012,Individual,1st owner,24000,,20000
TVS Jupiter,,2018,Individual,1st owner,14000,,70000
Hero Passion Pro 110,,2019,Individual,1st owner,29442,,50000
Yamaha FZ S V 2.0,,2017,Individual,1st owner,20000,84042,75000
Honda Livo,,2015,Individual,1st owner,30000,,25000
Honda CB Hornet 160R,,2017,Individual,1st owner,38000,87543,70000
Honda Activa 125 [2016-2017],,2018,Individual,1st owner,18000,61545,55000
Honda Activa 5G,,2018,Individual,1st owner,14000,59422,51000
Yamaha Saluto,,2019,Individual,1st owner,13000,59844,74000
Yamaha FZ S V 2.0,,2017,Individual,1st owner,42000,84042,65000
Bajaj Avenger Street 150 [2018],,2016,Individual,2nd owner,27000,80435,60000
Bajaj Pulsar 220F,,2019,Individual,1st owner,4000,,110000
Yamaha YZF R15 [2011-2018],,2014,Individual,1st owner,1200,118997,50000
TVS Apache RTR 160 4V,,2018,Individual,1st owner,7500,,85009
Hero Passion Pro 110,,2013,Individual,1st owner,15000,,60000
Bajaj Pulsar 150,,2013,Individual,2nd owner,70000,,25000
TVS Apache RTR 160 4V,,2019,Individual,1st owner,12657,,75000
Honda CB Unicorn 150,,2010,Individual,1st owner,69000,74295,30000
Honda Activa [2000-2015],,2010,Individual,1st owner,100000,50267,16600
Honda Activa 3G,,2015,Individual,1st owner,18000,54605,30000
Honda Shine,,2007,Individual,1st owner,80000,,20000
Honda Activa 5G,,2019,Individual,1st owner,11200,59422,62000
Bajaj Avenger Street 220,,2016,Individual,1st owner,17000,95955,60000
Hero Xtreme [2013-2014],,2014,Individual,1st owner,56420,72492,45000
Yamaha FZ S [2012-2016],,2011,Individual,1st owner,82000,79432,40000
Suzuki Intruder 150,,2018,Individual,1st owner,10000,,75000
Yamaha Fazer [2009-2016],,2012,Individual,1st owner,100000,84751,50000
Bajaj Pulsar RS 200,,2017,Individual,1st owner,18345,,105000
Bajaj Discover 135,,2009,Individual,1st owner,20000,,30000
Hero Honda CBZ,,2000,Individual,4th owner,48000,,10000
Bajaj Pulsar 135 LS,,2014,Individual,1st owner,14000,64589,45000
Yamaha Fazer 25,,2018,Individual,2nd owner,4100,142680,145000
Honda CB Unicorn 150,,2016,Individual,2nd owner,50000,74295,45000
Honda Activa 5G,,2019,Individual,1st owner,3025,59422,65000
Bajaj Pulsar 135 LS,,2011,Individual,1st owner,60000,64589,20000
Hero Duet,,2016,Individual,1st owner,6000,50280,37000
Hero Splendor NXG,,2011,Individual,1st owner,35000,44814,18000
Hero Glamour 125,,2013,Individual,1st owner,50000,61600,25000
Honda Activa 5G,,2018,Individual,1st owner,10000,57557,46000
Yamaha Fascino 110,,2019,Individual,1st owner,7000,57112,55000
Bajaj V15,,2016,Individual,1st owner,34000,67187,40000
Hero Honda Passion PRO [2012],,2012,Individual,2nd owner,20000,,25000
Honda Activa [2000-2015],,2012,Individual,1st owner,38000,50267,25000
Bajaj Xcd,,2008,Individual,1st owner,100000,,15000
Bajaj Pulsar NS160,,2018,Individual,1st owner,20000,,70000
Honda CB Hornet 160R,,2017,Individual,1st owner,240000,92210,70000
Yamaha RXG,,1997,Individual,1st owner,45354,,25000
TVS Streak,,2009,Individual,1st owner,100000,,10000
Bajaj Pulsar RS 200,,2015,Individual,1st owner,32000,,80000
Yamaha Alpha,,2015,Individual,2nd owner,14000,54253,25000
Honda Livo,,2016,Individual,1st owner,70000,,35000
Mahindra Gusto,,2016,Individual,1st owner,13500,51185,25000
Bajaj Discover 125,,2012,Individual,1st owner,75000,57549,26000
Hero Glamour 125,,2011,Individual,1st owner,75000,61600,15000
Honda CB Unicorn 160,,2017,Individual,1st owner,52000,77545,50000
Hero Pleasure,,2013,Individual,1st owner,18860,49600,26500
Royal Enfield Classic 350,,2017,Individual,1st owner,2700,,135000
Honda CB Hornet 160R,,2016,Individual,1st owner,100000,92661,80000
Bajaj CT 100,,2016,Individual,1st owner,38500,,30000
Yamaha FZ S V 2.0,,2018,Individual,1st owner,10500,87042,90000
Bajaj Pulsar 180,,2016,Individual,1st owner,35000,85011,85000
Hero Glamour 125,,2013,Individual,1st owner,17000,61600,54000
Bajaj CT 100,,2019,Individual,1st owner,2900,,42000
Bajaj Discover 100 T,,2014,Individual,1st owner,30000,47032,25000
TVS Star City Plus,,2016,Individual,2nd owner,14000,,50000
Honda CB Unicorn 150,,2014,Individual,1st owner,10000,74295,55000
Hero Passion PRO TR,,2014,Individual,1st owner,9556,54586,35000
Honda CB Shine SP,,2018,Individual,1st owner,37000,64750,50000
Bajaj V15,,2015,Individual,1st owner,2700,65626,45000
Bajaj V15,,2016,Individual,1st owner,36000,67187,45000
Bajaj Discover 100,,2015,Individual,2nd owner,52000,42859,28000
Royal Enfield Electra 4 S,,2013,Individual,1st owner,46000,,80000
KTM 200 Duke,,2016,Individual,1st owner,12000,,130000
Bajaj Pulsar 220F,,2019,Individual,1st owner,6500,,120000
Suzuki GS150R,,2012,Individual,1st owner,14100,70851,27000
Honda Shine,,2014,Individual,1st owner,40000,,30000
Honda CB Unicorn Dazzler,,2010,Individual,1st owner,75000,71757,50000
Honda Livo,,2018,Individual,1st owner,10000,,45000
Honda Aviator,,2009,Individual,1st owner,29625,59183,28000
Honda Activa [2000-2015],,2006,Individual,2nd owner,35000,50267,6000
Hero Hunk,,2016,Individual,1st owner,32000,78513,35000
Honda Activa 125,,2014,Individual,1st owner,20000,,30000
Bajaj Discover 110,,2007,Individual,1st owner,70000,52710,15000
Hero Xtreme [2013-2014],,2013,Individual,1st owner,57000,75936,45000
TVS Victor GLX,,2005,Individual,1st owner,11000,,18000
Bajaj Pulsar NS200,,2018,Individual,1st owner,17500,,85000
Honda Aviator,,2014,Individual,1st owner,7000,59183,30000
Bajaj Platina 100,,2018,Individual,1st owner,17500,,40000
TVS Sport,,2018,Individual,1st owner,25000,,34000
Hero Honda Passion Plus,,2003,Individual,1st owner,53500,,8000
Bajaj V15,,2018,Individual,1st owner,15000,67187,70000
Honda Dio,,2016,Individual,1st owner,8000,,50000
Honda Dream Yuga,,2015,Individual,1st owner,39448,56147,35000
Hero Honda Splendor Plus,,2006,Individual,1st owner,75000,,20000
Bajaj Pulsar 150,,2012,Individual,1st owner,28000,,50000
Bajaj Discover 135,,2008,Individual,1st owner,62000,,37000
Honda Livo,,2018,Individual,1st owner,12000,,69000
Hero Honda Splendor NXG,,2012,Individual,1st owner,49999,,28000
Bajaj Discover 125,,2011,Individual,1st owner,70000,57549,25000
Yamaha FZ V 2.0,,2018,Individual,1st owner,25000,81508,60000
Yamaha SZ-S,,2014,Individual,1st owner,20000,72532,50000
Royal Enfield Thunderbird 350,,2016,Individual,1st owner,4500,,135000
Bajaj Discover 125 M,,2014,Individual,1st owner,45000,49146,30000
Yamaha FZ S [2012-2016],,2014,Individual,1st owner,68000,79432,60000
Honda Activa [2000-2015],,2009,Individual,1st owner,95000,50267,23000
Bajaj Xcd,,2009,Individual,1st owner,16000,,20000
Bajaj Avenger Street 160,,2019,Individual,1st owner,5000,,80000
Royal Enfield Electra 5 S,,2006,Individual,2nd owner,36000,,99000
TVS Apache RTR 200 4V,,2018,Individual,1st owner,70000,,90000
Hero Honda Splendor Plus,,2005,Individual,1st owner,27370,,20000
Hero Glamour 125,,2017,Individual,1st owner,8600,61600,50000
TVS Victor GLX,,2002,Individual,1st owner,49000,,27000
Honda Grazia,,2018,Individual,1st owner,16000,,60000
Bajaj Pulsar 150 [2001-2011],,2007,Individual,2nd owner,100000,,12000
Hero Xtreme 2014,,2014,Individual,1st owner,10000,72973,50000
Hero Pleasure,,2012,Individual,2nd owner,30000,49600,20000
Hero Passion XPro,,2018,Individual,1st owner,7000,58900,45000
Hero Super Splendor,,2013,Individual,1st owner,68000,,40000
Yamaha FZ S [2012-2016],,2016,Individual,2nd owner,20000,79432,45000
Honda Activa [2000-2015],,2015,Individual,1st owner,25000,50267,25000
Hero Glamour FI,,2019,Individual,1st owner,8900,71150,75000
Hero Honda Passion Plus,,2007,Individual,1st owner,70000,,25000
Hero Splendor Plus,,2006,Individual,2nd owner,40000,,25000
Hero Xpulse 200,,2019,Individual,1st owner,8500,107500,100000
Honda CB Unicorn 150,,2012,Individual,1st owner,32000,74295,30000
Bajaj Discover 135,,2010,Individual,1st owner,55000,,25000
Hero Honda Splendor,,2006,Individual,1st owner,75000,,10000
Hero Honda CD Deluxe,,2008,Individual,3rd owner,65000,,25000
Royal Enfield Electra Twinspark,,2016,Individual,1st owner,345000,,120000
Honda Dream Neo,,2014,Individual,1st owner,21000,53415,42000
Hero Maestro,,2013,Individual,1st owner,60000,49412,30000
Honda CBR150 R,,2014,Individual,1st owner,38000,132513,77000
Honda CB Unicorn Dazzler,,2011,Individual,1st owner,40000,71757,25000
TVS Apache [2006],,2006,Individual,1st owner,40000,,15000
Hero Passion XPro,,2013,Individual,1st owner,25000,59640,25000
Honda Activa 5G,,2018,Individual,1st owner,25000,57957,50000
Honda Activa i,,2014,Individual,1st owner,25000,53900,30000
TVS Apache RTR 200 4V,,2019,Individual,1st owner,3000,,125000
Hero Honda CBZ extreme,,2011,Individual,1st owner,28000,,35000
Suzuki Gixxer [2014-2018],,2015,Individual,1st owner,40000,78316,45000
Hero Xpulse 200,,2019,Individual,1st owner,8500,107500,98000
Bajaj Pulsar 150,,2017,Individual,1st owner,30000,,75000
Bajaj Pulsar AS150,,2017,Individual,2nd owner,20000,80821,55000
Bajaj Platina 100,,2013,Individual,1st owner,30000,,25000
Honda CB Twister,,2014,Individual,1st owner,12566,49150,70000
Suzuki SlingShot,,2011,Individual,1st owner,17000,,24000
TVS Apache RTR 160,,2018,Individual,1st owner,17000,,70000
Bajaj V12,,2017,Individual,1st owner,35000,58906,45000
Hero Karizma 2014,,2015,Individual,1st owner,40000,86744,25000
Yamaha YZF R15 V3,,2019,Individual,1st owner,1400,146400,170000
Yamaha Fascino 110,,2016,Individual,1st owner,37000,54500,38000
Honda CB Unicorn 160,,2015,Individual,1st owner,15000,77545,45000
Yamaha Gladiator,,2009,Individual,1st owner,46000,,15000
Hero Honda Glamour,,2012,Individual,1st owner,75000,,45000
Bajaj Discover 100,,2014,Individual,1st owner,14289,42859,22000
Mahindra Gusto,,2015,Individual,2nd owner,20000,51185,30000
Royal Enfield Thunderbird 350,,2012,Individual,1st owner,28000,,100000
Royal Enfield Classic 350,,2014,Individual,1st owner,19000,,100000
Bajaj Pulsar 150,,2017,Individual,1st owner,28450,,60000
Royal Enfield Electra Twinspark,,2014,Individual,1st owner,31500,,100000
Bajaj Pulsar 150,,2016,Individual,1st owner,28000,,40000
Bajaj Pulsar 150,,2007,Individual,1st owner,100000,,21000
Hero HF Deluxe,,2018,Individual,1st owner,16000,,40000
Honda Activa [2000-2015],,2007,Individual,1st owner,17860,50267,25000
Yamaha FZ S [2012-2016],,2015,Individual,1st owner,24000,79432,45000
Bajaj Avenger Cruise 220,,2016,Individual,1st owner,10950,,75000
Honda Dio,,2017,Individual,1st owner,35850,,45000
Honda Activa i [2016-2017],,2016,Individual,1st owner,29000,53436,35000
Royal Enfield Bullet 350 [2007-2011],,2001,Individual,2nd owner,4000,,60000
Yamaha FZ V 2.0,,2016,Individual,1st owner,45420,81508,60000
Royal Enfield Classic 350,,2018,Individual,2nd owner,35000,,130000
Honda CB Shine SP,,2017,Individual,1st owner,19800,64750,42000
Bajaj V15,,2018,Individual,1st owner,23000,65626,76000
Hero CBZ,,2014,Individual,1st owner,35000,,40000
Hero Splendor Plus,,2018,Individual,1st owner,7500,,65000
Bajaj Discover 100 T,,2013,Individual,1st owner,20000,47032,20000
Honda CB Hornet 160R,,2016,Individual,1st owner,72000,92661,75000
Honda CB Hornet 160R,,2018,Individual,1st owner,7000,92661,70000
TVS Apache RTR 160 4V,,2019,Individual,1st owner,6000,,105000
Honda CB Shine SP,,2017,Individual,1st owner,34300,62317,50000
Royal Enfield Classic 350,,2017,Individual,1st owner,7199,,120000
Bajaj Pulsar 180,,2011,Individual,1st owner,43000,85011,25000
TVS XL 100,,2017,Individual,1st owner,8000,30490,30000
Hero Super Splendor,,2017,Individual,1st owner,9999,,50000
Hero Honda CBZ extreme,,2007,Individual,1st owner,80000,,25000
Bajaj Pulsar 180,,2014,Individual,1st owner,30000,85011,50000
Bajaj Discover 150,,2015,Individual,1st owner,12000,54299,35000
Bajaj Pulsar 180,,2009,Individual,1st owner,17500,85011,30000
Honda Shine,,2016,Individual,1st owner,45000,,37000
Honda CB Unicorn 150,,2013,Individual,1st owner,38000,74295,42000
Royal Enfield Himalayan,,2016,Individual,1st owner,19800,,119000
Kawasaki Ninja 650 [2018-2019],,2011,Individual,1st owner,12000,589000,300000
Royal Enfield Classic 350,,1993,Individual,2nd owner,10000,,130000
Hero Honda Passion Plus,,2008,Individual,2nd owner,85000,,22000
Hero Honda Splendor Plus,,2007,Individual,1st owner,70000,,15000
Benelli TNT 25,,2017,Individual,1st owner,2009,170994,160000
Royal Enfield Thunderbird 500X,,2018,Individual,1st owner,1500,198605,185000
Royal Enfield Continental GT [2013 - 2018],,2014,Individual,1st owner,12077,208902,110000
KTM RC 200,,2017,Individual,1st owner,20000,,150000
Royal Enfield Bullet 350 [2007-2011],,1995,Individual,3rd owner,20000,,150000
Bajaj Pulsar 220F,,2011,Individual,1st owner,40000,,45000
Bajaj Avenger Street 220,,2018,Individual,1st owner,12000,95955,75000
Honda Activa 125 [2016-2017],,2017,Individual,1st owner,27000,61545,50000
Honda Shine,,2013,Individual,1st owner,93000,,30000
Bajaj Discover 150F,,2015,Individual,1st owner,12000,64071,30000
Bajaj Pulsar 150 [2001-2011],,2011,Individual,1st owner,36000,,22000
Hero Karizma ZMR,,2015,Individual,1st owner,11000,108000,75000
Honda Dream Yuga,,2017,Individual,1st owner,26000,56147,45000
Hero Glamour 125,,2014,Individual,1st owner,450000,61600,35000
Honda Activa [2000-2015],,2012,Individual,1st owner,29000,50267,35000
Bajaj CT 100,,2017,Individual,1st owner,45000,,25000
Honda CB Hornet 160R,,2017,Individual,1st owner,13000,92210,70000
Hero CD Dawn,,2005,Individual,1st owner,48000,,10000
Royal Enfield Classic Gunmetal Grey,,2018,Individual,1st owner,5814,148114,180000
Bajaj Discover 100,,2014,Individual,1st owner,31000,42859,24000
Honda Shine,,2017,Individual,1st owner,25000,,42000
TVS Max DLX,,2002,Individual,2nd owner,28000,,26000
Honda Dio,,2018,Individual,1st owner,11000,,60000
Bajaj Pulsar 180,,2017,Dealer,1st owner,7850,85011,72000
Royal Enfield Thunderbird 350,,2015,Individual,1st owner,10000,,120000
Royal Enfield Thunderbird 350,,2005,Individual,2nd owner,40000,,59000
Royal Enfield Classic Chrome,,2015,Individual,2nd owner,5000,189313,185000
Royal Enfield Classic Gunmetal Grey,,2018,Individual,1st owner,14000,148114,140000
KTM 390 Duke,,2018,Individual,1st owner,7500,,205000
Hero Pleasure [2005-2015],,2013,Individual,1st owner,25000,46779,30000
TVS Victor,,2004,Individual,1st owner,46700,54852,18000
Bajaj Pulsar 150,,2011,Individual,1st owner,12000,,35000
KTM RC 200,,2019,Individual,1st owner,6000,,185000
Kawasaki Ninja 300,,2016,Individual,1st owner,9800,360000,300000
Honda Dream Yuga,,2015,Individual,2nd owner,46070,56147,30000
Bajaj Pulsar 150,,2009,Individual,1st owner,14500,,35000
Bajaj Pulsar 150 [2001-2011],,2008,Individual,1st owner,70000,,35000
Hero Honda Passion Plus,,2008,Dealer,2nd owner,100000,,25000
Yamaha YZF R15 [2011-2018],,2013,Dealer,1st owner,30000,118997,80000
Hero Honda Splendor Plus,,2004,Individual,2nd owner,127000,,20000
Hero Karizma ZMR,,2012,Individual,2nd owner,63000,108000,43000
Hero Honda Splendor Plus,,2010,Individual,2nd owner,30000,,20000
Yo Style,,2011,Individual,1st owner,10000,37675,20000
Hero Splendor iSmart,,2015,Individual,1st owner,10000,52271,40000
Hero Super Splendor,,2011,Individual,1st owner,89000,,30000
Bajaj Discover 100,,2009,Individual,1st owner,50000,42859,21000
Yamaha Fazer [2009-2016],,2011,Individual,1st owner,15500,84751,35000
Bajaj Discover 125,,2011,Individual,1st owner,66000,57549,23000
Hero Super Splendor,,2017,Individual,2nd owner,80000,,40000
Honda Shine,,2011,Individual,1st owner,8600,,40000
Bajaj Discover 125 M,,2014,Individual,1st owner,40000,47186,45000
Bajaj Avenger Street 150 [2018],,2016,Individual,1st owner,25000,80435,60000
Yamaha Fazer [2009-2016],,2013,Individual,1st owner,34500,84751,40000
Hero Passion X Pro [2016-2017],,2016,Individual,1st owner,15500,59095,42000
Honda Activa [2000-2015],,2011,Individual,1st owner,28000,50267,18000
TVS Star City,,2006,Individual,1st owner,40000,46575,15000
Hero Honda Hunk,,2013,Individual,1st owner,40000,,45000
TVS Star City,,2016,Individual,1st owner,50000,47108,25000
Bajaj Pulsar 150,,2017,Individual,1st owner,24000,,70000
Bajaj Discover 100,,2012,Individual,1st owner,50000,42859,23000
TVS Victor,,2005,Individual,1st owner,55000,54852,10000
Hero Honda Splendor Plus,,2012,Individual,1st owner,70000,,25000
Honda Aviator,,2012,Individual,2nd owner,12000,59183,25000
Bajaj Pulsar 180,,2010,Individual,1st owner,70000,85011,50000
Bajaj Avenger [2015],,2015,Individual,2nd owner,16000,75502,60000
Hero CD Dawn,,2014,Individual,1st owner,38000,,35000
Hero Maestro,,2016,Individual,1st owner,100000,49412,50000
Honda CB Shine SP,,2016,Individual,1st owner,45000,64750,50000
Hero Honda CD Deluxe,,2012,Individual,1st owner,28990,,25500
Hero Honda Hunk,,2010,Individual,1st owner,13000,,35000
Hero Honda CD Deluxe,,2005,Individual,1st owner,15000,,20000
Honda Activa 3G,,2016,Individual,1st owner,60000,54605,40000
Bajaj Pulsar 135 LS,,2017,Individual,1st owner,22000,64589,45000
Bajaj Pulsar 150 [2001-2011],,2008,Individual,1st owner,19500,,30000
Hero Pleasure,,2013,Individual,1st owner,25000,49600,30000
Hero Honda CBZ extreme,,2011,Individual,3rd owner,70000,,30000
Bajaj Pulsar 150,,2014,Individual,2nd owner,65000,,40000
Honda CB Twister,,2012,Individual,1st owner,86000,53857,25000
Honda Livo,,2017,Individual,1st owner,30000,,45000
Bajaj Pulsar AS200,,2015,Individual,1st owner,33000,92074,65000
Honda Activa 3G,,2015,Individual,1st owner,36000,54605,40000
Hero Honda Hunk,,2010,Individual,1st owner,41000,,40000
Honda CB Hornet 160R,,2017,Individual,1st owner,28000,83340,70000
Hero HF Deluxe,,2018,Individual,1st owner,15000,,35000
Hero Splendor PRO,,2015,Individual,1st owner,35280,51994,35000
Bajaj Boxer,,2004,Individual,1st owner,18000,,15000
Royal Enfield Electra 5 S,,2012,Individual,1st owner,28000,,99000
Royal Enfield Electra 5 S,,2012,Individual,1st owner,40000,,90000
Hero Honda Hunk,,2010,Individual,1st owner,17000,,20000
Hero Ignitor,,2016,Individual,1st owner,23000,65599,36000
Bajaj Discover 100 M,,2014,Individual,1st owner,30000,44756,32000
Honda Activa 3G,,2016,Individual,1st owner,6000,54605,50000
Bajaj Pulsar 135 LS,,2015,Individual,1st owner,48000,64589,50000
Bajaj Pulsar 220 DTS-i,,2014,Individual,1st owner,16000,,60000
Hero Honda CBZ extreme,,2009,Individual,1st owner,50000,,40000
Hero Honda CBZ extreme,,2012,Individual,1st owner,60000,,35000
Royal Enfield Thunder 500,,2018,Individual,1st owner,3000,190000,175000
UM Renegade Mojave,,2019,Individual,1st owner,1400,182000,170000
KTM RC200,,2019,Individual,1st owner,4000,178000,165000
Bajaj Dominar 400,,2019,Individual,1st owner,1200,160000,145000
Royal Enfield Classic 350,,2019,Individual,1st owner,4100,147000,135000
KTM RC390,,2017,Individual,1st owner,21700,237000,135000
Hyosung GT250R,,2016,Individual,2nd owner,16500,345000,135000
Royal Enfield Thunder 350,,2015,Individual,1st owner,15000,150000,125000
Royal Enfield Thunder 350,,2018,Individual,1st owner,18000,150000,120000
Royal Enfield Classic 350,,2019,Individual,1st owner,11000,147000,120000
KTM RC200,,2018,Individual,1st owner,6000,178000,120000
Royal Enfield Thunder 350,,2018,Individual,1st owner,8700,150000,115000
KTM 390 Duke ,,2016,Individual,1st owner,7000,240000,115000
Mahindra Mojo XT300,,2018,Individual,1st owner,35000,140000,115000
Royal Enfield Classic 350,,2017,Individual,1st owner,17000,147000,115000
Royal Enfield Classic 350,,2017,Individual,1st owner,17500,147000,111000
Royal Enfield Classic 350,,2015,Individual,1st owner,33000,147000,110000
Royal Enfield Thunder 500,,2017,Individual,1st owner,14000,190000,110000
Royal Enfield Classic 350,,2017,Individual,1st owner,26000,147000,110000
Royal Enfield Thunder 500,,2015,Individual,1st owner,5400,190000,105000
Bajaj Pulsar RS200,,2018,Individual,1st owner,5700,126000,105000
Royal Enfield Thunder 350,,2013,Individual,1st owner,6900,150000,105000
Royal Enfield Bullet 350,,2018,Individual,1st owner,6000,117000,105000
Royal Enfield Classic 350,,2015,Individual,1st owner,46500,147000,100000
Royal Enfield Classic 500,,2014,Individual,1st owner,11500,175000,95000
Royal Enfield Classic 500,,2011,Individual,1st owner,40000,175000,90000
Bajaj Avenger 220,,2019,Individual,1st owner,1300,95000,90000
Bajaj Avenger 150,,2018,Individual,1st owner,7000,80000,75000
Honda CB Hornet 160R,,2019,Individual,1st owner,3000,87000,80000
Yamaha FZ S V 2.0,,2019,Individual,1st owner,5000,84000,78000
Honda CB Hornet 160R,,2019,Individual,1st owner,11000,87000,75000
Yamaha FZ 16,,2017,Individual,1st owner,18000,82000,75000
Bajaj Avenger 220,,2019,Individual,1st owner,3500,95000,75000
Bajaj Avenger 220,,2018,Individual,1st owner,500,95000,72000
TVS Apache RTR 160,,2019,Individual,1st owner,11800,81000,65000
Bajaj Pulsar 150,,2017,Individual,1st owner,5000,74000,65000
Honda CBR 150,,2016,Individual,1st owner,23500,120000,65000
Hero Extreme,,2015,Individual,1st owner,16000,78700,65000
Honda CB Hornet 160R,,2018,Individual,1st owner,15000,87000,60000
Bajaj Avenger 220 dtsi,,2017,Individual,1st owner,16600,95000,60000
Honda CBR 150,,2015,Individual,1st owner,32000,120000,60000
Bajaj Avenger 150 street,,2018,Individual,1st owner,20000,80000,60000
Yamaha FZ  v 2.0,,2017,Individual,1st owner,29000,84000,60000
Yamaha FZ  v 2.0,,2018,Individual,1st owner,25000,84000,60000
Bajaj Pulsar  NS 200,,2016,Individual,1st owner,25000,99000,60000
TVS Apache RTR 160,,2014,Individual,1st owner,19000,81000,60000
Hero Extreme,,2016,Individual,1st owner,15000,78700,55000
Yamaha FZ S V 2.0,,2017,Individual,1st owner,58000,84000,55000
Bajaj Pulsar 220 F,,2012,Individual,1st owner,45000,94000,52000
Bajaj Pulsar 220 F,,2018,Individual,1st owner,24000,94000,51000
TVS Apache RTR 180,,2013,Individual,1st owner,6000,82600,50000
Hero Passion X pro,,2018,Individual,1st owner,31000,55000,50000
Bajaj Pulsar NS 200,,2014,Individual,1st owner,13000,99000,50000
Bajaj Pulsar NS 200,,2015,Individual,1st owner,45000,99000,50000
Yamaha Fazer ,,2016,Individual,1st owner,8000,88000,50000
Honda Activa 4G,,2019,Individual,1st owner,4300,51000,48000
TVS Sport ,,2019,Individual,1st owner,15000,52000,48000
Yamaha FZ S V 2.0,,2017,Individual,1st owner,23000,84000,48000
Honda Dream Yuga ,,2019,Individual,1st owner,8600,54000,48000
Honda Activa 4G,,2019,Individual,1st owner,4000,51000,45000
Bajaj Avenger Street 220,,2013,Individual,1st owner,24000,95000,45000
TVS Apache RTR 180,,2016,Individual,1st owner,23000,82600,45000
Bajaj Pulsar NS 200,,2014,Individual,1st owner,14500,99000,45000
Bajaj Avenger 220 dtsi,,2012,Individual,1st owner,27000,95000,45000
Hero Splender iSmart,,2018,Individual,1st owner,14000,54000,45000
Activa 3g,,2018,Individual,1st owner,500,54000,45000
Hero Passion Pro,,2018,Individual,1st owner,1000,55000,45000
TVS Apache RTR 160,,2016,Individual,1st owner,42000,81000,42000
Honda CB Trigger,,2015,Individual,1st owner,12000,73000,42000
Hero Splender iSmart,,2017,Individual,1st owner,14000,54000,40000
Yamaha FZ S ,,2014,Individual,1st owner,5500,83000,40000
Hero Passion Pro,,2017,Individual,1st owner,6700,55000,40000
Bajaj Pulsar 135 LS,,2016,Individual,1st owner,13700,64000,40000
Activa 4g,,2019,Individual,1st owner,1300,51000,40000
Honda CB Unicorn,,2017,Individual,1st owner,38600,72000,38000
Hero Honda CBZ extreme,,2013,Individual,1st owner,75000,78700,38000
Honda Karizma,,2013,Individual,1st owner,30000,105000,35000
Honda Activa 125,,2018,Individual,1st owner,24000,57000,35000
TVS Jupyter,,2016,Individual,1st owner,19000,52000,35000
Honda Karizma,,2012,Individual,1st owner,213000,105000,31000
Hero Honda Passion Pro,,2014,Individual,1st owner,60000,51000,30000
Hero Splender Plus,,2018,Individual,1st owner,50000,48000,30000
Honda CB Shine,,2015,Individual,1st owner,30000,58000,30000
Bajaj Discover 100,,2015,Individual,1st owner,21000,47000,27000
Bajaj Pulsar 150,,2010,Individual,2nd owner,26000,75000,25000
Suzuki Access 125,,2010,Individual,1st owner,1900,58000,25000
TVS Wego,,2012,Individual,1st owner,22000,52000,25000
Honda CB twister,,2015,Individual,1st owner,32000,51000,25000
Hero Glamour,,2015,Individual,1st owner,18000,57000,25000
Hero Super Splendor,,2007,Individual,1st owner,55000,57000,20000
Bajaj Pulsar 150,,2010,Individual,1st owner,60000,75000,20000
Bajaj Discover 125,,2014,Individual,2nd owner,25000,57000,20000
Hero Hunk,,2009,Individual,2nd owner,49000,75000,20000
Hero  Ignitor Disc,,2015,Individual,2nd owner,24000,65000,20000
Hero  CBZ Xtreme,,2010,Individual,1st owner,50000,78700,20000
Bajaj  ct 100,,2017,Individual,1st owner,35000,32000,18000
Activa 3g,,2010,Individual,1st owner,500000,52000,17000
Honda CB twister,,2012,Individual,1st owner,33000,51000,16000
Bajaj Discover 125,,2013,Individual,2nd owner,35000,57000,15000
Honda CB Shine,,2009,Individual,1st owner,53000,58000,12000
Bajaj Pulsar 150,,2008,Individual,1st owner,92233,75000,10000
